{"flutter":{"platforms":{"android":{"default":{"projectId":"app-baby-shop-hub","appId":"1:396966536210:android:c773f6ab8deb25057864cb","fileOutput":"android/app/google-services.json"}},"dart":{"lib/firebase_options.dart":{"projectId":"app-baby-shop-hub","configurations":{"android":"1:396966536210:android:c773f6ab8deb25057864cb","ios":"1:396966536210:ios:c7f09bb9279126ed7864cb","macos":"1:396966536210:ios:c7f09bb9279126ed7864cb","web":"1:396966536210:web:a4c01f9bde3326717864cb","windows":"1:396966536210:web:58a3ec86a5f1770d7864cb"}}}}}}