{
  "project_info": {
    "project_number": "396966536210",
    "project_id": "app-baby-shop-hub",
    "storage_bucket": "app-baby-shop-hub.appspot.com"
  },
  "client": [
    {
      "client_info": {
        "mobilesdk_app_id": "1:396966536210:android:c773f6ab8deb25057864cb",
        "android_client_info": {
          "package_name": "com.example.appbabyshophub"
        }
      },
      "oauth_client": [],
      "api_key": [
        {
          "current_key": "AIzaSyCcuj1eXqT_DbQfm5bTHA0K520kgOLBPkU"
        }
      ],
      "services": {
        "appinvite_service": {
          "other_platform_oauth_client": []
        }
      }
    }
  ],
  "configuration_version": "1"
}